Ingrediente,Descripción SAP,Código DIA,ID WOE,Cruce SAP,Cruce Formato
Pan de Queso,Pan de Queso,12611,,review,ok
74136 C8B LECHE COCONUT 1.89LT,74136 C8B LECHE COCONUT 1.89LT,16942,155868,ok,review
ZZZEnglish Breakfast C/100,57367 C100P TE ROYAL ENGLISH BREAKF TEAV,10910,150066,ok,review
ZZZEmperors Clouds & M C/100,ZZZEmperors Clouds & M C/100,10909,,review,review
ZZZTe Youhberry C/100,57385 C100P TE YOUTHBERRY FLFB BTB HOT,10913,150067,ok,review
ZZZTe Chai C/100,57386 C100P TE CHAI TEAVANA FLFB BTB HOT,10906,150065,ok,review
012924 Cafe 250g 12/cs Xmas Rese,012924 Cafe 250g 12/cs Xmas Rese,12924,,review,ok
Jamon Serrano TM 100grs,Jamon Serrano TM 100grs,12486,,review,ok
RB Cerezas Melrose Lata 3.2Kg,RB Cerezas Melrose Lata 3.2Kg,,,review,ok
ZZZMini Cronuts,BIS EUROS SURTIDO MINI CRONUT CJ60PZAS,15103,149529,ok,review
ZZZCafe Microblend no11 5 Lb2,ZZZCafe Microblend no11 5 Lb2,,,review,review
Chocolate Bitters Bot 125ml2,Chocolate Bitters Bot 125ml2,52266,,review,review
RB Helado de Vainilla 3gal,RB Helado de Vainilla 3gal,52269,,review,ok
Tapa 12 oz Hot Traveler,TAPA 12OZ HOT/TRAV TL31R CJ1000PZAS,743,149217,ok,review
ZZZJarabe de Vainilla Bean,62500 1B JARABE VAINA VAINILLA RB 1LT,11793,149334,ok,review
Topping Nuez Moscada Molida,NUEZ MOSCADA MOLIDA BTE60GRS,4271,150192,ok,review
RB Tanqueray Dry,RB Tanqueray Dry,,,review,ok
RB Ketel One,RB Ketel One,,,review,ok
RB Zacapa 23,RB Zacapa 23,,,review,ok
RB Agua Tonica,RB Agua Tonica,,,review,ok
RB Bailys Original,RB Bailys Original,,,review,ok
Minerva Lager L,Minerva Lager L,,,review,ok
Minerva Stout,Minerva Stout,,,review,ok
Topping Red Velvet,28419 1B XM TOPPING RED VELVET 2.5OZ,13906,149448,ok,review
R Indonesia W Java,R Indonesia W Java,14354,,review,review
Croissant Mantequilla,Croissant Mantequilla,10403,,review,ok
ZZZGalletaRedVelvet,GALLETA RED VELVET CJ14PZAS95GR,14659,149486,ok,review
ZZZGalleta Decorada,GALLETA CORE BEARISTA CJ15PZAS,14613,150086,ok,review
Cong Panini 3 Quesos,Cong Panini 3 Quesos,14720,,review,ok
ZZZJarabe Vainilla Toasted 1 Lt,33529 1P JARABE VAINILLA TOASTED 1LT,14850,150090,ok,review
Cong Piadini de Claras Espinacas,Cong Piadini de Claras Espinacas,14717,,review,ok
Cong Envuelto Poblano,Cong Envuelto Poblano,14718,,review,ok
Cong Grilled Cheese Sandwich,Cong Grilled Cheese Sandwich,14719,,review,ok
RB Vermouth Antica 1 Lt,RB Vermouth Antica 1 Lt,,,review,ok
RB Whis Suntory Toki 750Ml,RB Whis Suntory Toki 750Ml,,,review,ok
RB Bitter Campari 750Ml,RB Bitter Campari 750Ml,,,review,ok
RB Bitter Lavanda 125Ml,RB Bitter Lavanda 125Ml,,,review,ok
RB Averna Amaro,RB Averna Amaro,,,review,ok
COR23 SS16 ThruL,41115 C2P CORE SS TMBLR DR TH BANDE 16OZ,14921,150098,ok,review
COR23 SS20Copper,COR23 SS20Copper,14922,,review,review
ZZZTiramisu,TIRAMISU CJ6PZAS90GR,15371,150109,ok,review
ZZZNesp ToffeNut,NESPRESSO TOFFEE NUT CJ12PAQ10PZAS,15260,149541,ok,review
ZZZBis Mini Croissant Cja/115 Pz,ZZZBis Mini Croissant Cja/115 Pz,,,review,review
ZZZBis Pan Mini De Chocolate Mar,ZZZBis Pan Mini De Chocolate Mar,,,review,review
R Indonesia Gunu,54313 C6B CAFE INDONESIA GUNUNG RB 250GR,15641,150123,ok,review
ZZZOrejitas De Pan (Palmerita) C,ZZZOrejitas De Pan (Palmerita) C,,,review,review
R TanzaniaMondul,60369 C6B CAFE TANZANIA MONDUL RB 50GR,15790,149690,ok,review
ZZZBarra Cacao,BARRA CHOCOLATE 58% CACAO CJ512PZAS40GR,15941,149741,ok,review
ZZZEnsalada Durazno,ENSALADA POLLO CJ2PZAS215GR,16074,149780,ok,review
ZZZPasta Oriental,ENSALADA PASTA ORIENTAL CJ4PZAS329GR,16075,149781,ok,review
COR25CoffeeBean,MONEDERO COFFEE BEAN CJ10PZAS,15996,149751,ok,review
ZZZSandwich Pechuga de Pollo y T,ZZZSandwich Pechuga de Pollo y T,,,review,review
SI25Vac24Stanley,64306 C1P S25 VAC TMBLR PEACH QUICK 24OZ,16172,149860,ok,review
SI25SS20Zoo,64299 C2P S25 TMBLR PEARL CHEETAH 20OZ,16130,149828,ok,review
SI25SSBTLZoo,64301 C2P S25 WTR BTL TWIST SIP ANI 20OZ,16169,149857,ok,review
SI25ReusMom,SI25ReusMom,53761,,review,ok
ZZZTejas Pistache,TEJAS PISTACHE CJ12PZAS42GR,16113,150159,ok,review
ZZZBebida Limon RTD,BEBIDA C/10% JUGO LIMON CJ6PZAS530ML,16240,150169,ok,review
COR25SS16Sus,COR25SS16Sus,15187,,review,ok
COR25Mug 16Sus,COR25Mug 16Sus,15189,,review,ok
SII25CC24FRLenco,67151 C2P S25 COLD CUP LENCO 24OZ,16181,149868,ok,review
Fl25SS20Grad,64298 C2P S25 SS TMBLR COLORS 20OZ,16168,149856,ok,review
ZZZPay Limón,KEY LIME PIE CJ6PZAS90GR,16365,149965,ok,review
Reusables SBX Genérico,Reusables SBX Genérico,53833,,review,ok
Tazas SBX Genérico,Tazas SBX Genérico,53834,,review,ok
CCupPlastic SBX Genérico,CCupPlastic SBX Genérico,53835,,review,ok
CCup Acero SBX Genérico,CCup Acero SBX Genérico,53836,,review,ok
Tumb acero SBX Genérico,Tumb acero SBX Genérico,53837,,review,ok
Tumb Plastic SBX Genérico,Tumb Plastic SBX Genérico,53838,,review,ok
Stanley SBX Genérico,Stanley SBX Genérico,53839,,review,ok
Llavero SBX Genérico,Llavero SBX Genérico,53840,,review,ok
Stoppers SBX Genérico,Stoppers SBX Genérico,53841,,review,ok
Tote bags SBX Genérico,Tote bags SBX Genérico,53842,,review,ok
Pines SBX Genérico,Pines SBX Genérico,53843,,review,ok
Lifestyle SBX Genérico,Lifestyle SBX Genérico,53844,,review,ok
Set Reusa SBX Genérico,Set Reusa SBX Genérico,53845,,review,ok
CCup Glass SBX Genérico,CCup Glass SBX Genérico,53846,,review,ok
Fl25SS16Studded,69462 C2P F25 TMBLR DR TH BLUE STUD 16OZ,16322,149949,ok,review
Fl25PPFood,69485 C2P F25 RECYCLD FOOD STORAGE GLIT,16289,149920,ok,review
Fl25CookieJar,69484 C1P F25 CERMC COOKIE JAR DARK LUS,16325,149952,ok,review
Fl25Stanley16,69470 C1P F25 TMBLR STANLEY LIME GR 16OZ,16273,149904,ok,review
Fl25ReusDDM,Fl25ReusDDM,53894,,review,review
Xm25Tu12Lux,Xm25Tu12Lux,53948,,review,ok
Xm25Tu12Hol,Xm25Tu12Hol,53949,,review,ok
Xm25StopDermo,Xm25StopDermo,53951,,review,ok
Xm25StopMike,Xm25StopMike,53952,,review,ok
Xm25StopDust,Xm25StopDust,53953,,review,ok
Xm25Reu1Hol,Xm25Reu1Hol,53958,,review,ok
Xm25Reu2Hol,Xm25Reu2Hol,53959,,review,ok
Xm25Tag,Xm25Tag,53962,,review,ok
ZZZMuffin Toffee Nut,MUFFIN TOFFEE NUT CJ11PZAS60GR,16483,150013,ok,review
Xm25StopWill,Xm25StopWill,53965,,review,ok
Xm25StopMax,Xm25StopMax,53966,,review,ok
Xm25StopHopp,Xm25StopHopp,53967,,review,ok
RB Chocolatin New,RB Chocolatin New,14871,,review,ok
Salsa Caramelo Oscuro,86903 C4P SALSA DARK CARAMEL,4614,149262,ok,review
Minerva Pale Ale,Minerva Pale Ale,,,review,ok
RB Vino Blanco Char 750Ml,RB Vino Blanco Char 750Ml,,,review,ok
RThailandMae,RThailandMae,16360,,review,review
ZZZMacaronsCorazon,MACARRONES CORAZON CJ12DISP4PZAS,15990,149749,ok,review
ZZZSalsa de pistache2,ZZZSalsa de pistache2,,,review,review
COR23 SSCC24 Sir,COR23 SSCC24 Sir,14779,,review,review
ZZZCloud Powder,ZZZCloud Powder,12668,,review,review
SII26GlassBear,73043 C2P XM25 GLASS CLD BEARISTA 20OZ,16477,150012,ok,review
COR23 CC16 Shell,29797 C2P CORE COLD CUP SHELL 16OZ,14782,149496,ok,review
Res SS16GoldLeaf,Res SS16GoldLeaf,15791,,review,ok
ZZZEnvuelto de Atun,MAP ENVUELTO ATUN COA PZA,12686,149396,ok,review
RCostaRPeaberry,RCostaRPeaberry,54116,,review,ok
Sp26CookieBucket,Sp26CookieBucket,54092,,review,ok
TOPPING GRAHAM CRACKET CRUMBLE,TOPPING GRAHAM CRACKER CRUMB SUM17 1BOTE,11314,155981,ok,review
ZZZDona Glaseada Cj/36 Pzas/52 G,ZZZDona Glaseada Cj/36 Pzas/52 G,,,review,review
WC26SS20BTL,78944 C2P SM26 SS VAC WTR BTL 20OZ,16909,154169,ok,review
WC26SSCC24Grad,78952 C2P SM26 SS VAC CLD CUP GRDNT 24OZ,16875,154141,ok,review
WC26SS16Charm,78971 C2P SM26 SS VAC TMBLR CHRM 16OZ,16911,154171,ok,review
WC26Tu20Yellow,78920 C2P SM26 PLSTC TMBLR YLLOW 20OZ,16902,154163,ok,review
WC26Tu16Flower,78922 C2P SM26 PLSTC TMBLR SWIRL 16OZ,16879,154145,ok,review
SII26SSCC24White,57547 C2P CORE SS CLDCP SFTC IVORY 24 OZ,15857,149714,ok,review
WC26Stan20IceF,78945 C1P SM26 SS VAC TMBLR STNLY 20OZ,16924,154184,ok,review
WC26BearMex,87369 C1P WC26 GLSS BEARISTA FTBLL 20OZ,16971,154168,ok,review
WC26Mug12Stan,78937 C1P SM26 VAC MUG STANLEY CAMP 12OZ,16901,154162,ok,review
WC26StanHand20,78948 C1P SM26 RCLD SS TMBLR STNLY 20OZ,16915,154175,ok,review
BearHugWorldCup,OSO PELUCHE WC SBX 2026 CJ15PZAS,16828,154133,ok,review
WC26SS20Twist,78946 C2P SM26 SS VAC WTR BTL TWIST,16913,161734,ok,review
WC26SS16Lid,78973 C2P SM26 SS TMBLR DRNK THRLD 16OZ,16925,154185,ok,review
WC26CCSS24Puffy,78959 C2P SM26 SS CDCP PFFY GRDNT 24OZ,16897,154158,ok,review
WC26CC24Road,78928 C2P SM26 PLSTC HTCLD CUP 24OZ,16880,154146,ok,review
WC26ToteRoad,78965 P2P SM26 CANVAS TOTE BAG SEASIDE,16904,154165,ok,review
WC26Dw12Oran,78917 C1P SM26 STN DW TMBLR TWST 12OZ,16921,154181,ok,review
WC26SS16Pink,78969 C2P SM26 SS VAC TMBLR 16OZ,16910,154170,ok,review
WC26Gl20Silicone,78918 C1P SM26 GLSS CDCP SLCN BOOT 20OZ,16923,154183,ok,review
WC26Reus,WC26Reus,54213,,review,review
Kati Kati Blend,CAFE KATI KATI BLEND 11026896 CJ/12 PZAS,12720,161780,ok,review
SII26Quencher30P,78956 C1P SM26 RCLD SS TMBLR STNLY 30OZ,16916,154176,ok,review
SII26CC24Gamer,78933 C2P SM26 PLSTC CLDCP GMR CHRM 24OZ,16881,154147,ok,review
SII26CC24GID,78934 C2P SM26 PLSTC CLDCP GID 24OZ,16884,154150,ok,review
SII26Tu10Gam,78935 C1P SM26 PLSTC TMBLR GMRS 10OZ,16920,154180,ok,review
SII26SS16Studded,78941 C2P SM26 SS TMBLR THRLD STDED 16OZ,16900,154161,ok,review
SII26BearPony,76597 C4P BEARISTA BEAR PONY,16784,154125,ok,review
Mango Picosito,Mango Picosito,54203,,review,review
R IndoneFlores,54313 C6B CAFE INDONESIA GUNUNG RB 250GR,54204,150123,ok,review
85086 1B TOPPING COCONUT 113GR,85086 1B TOPPING COCONUT FLAKES 113GR,17352,159941,ok,review
85418 C4B UBE POWDER 283.5GRS,85418 C4B UBE POWDER 283.5GRS,17353,159942,ok,review
72763 C4B CAFEBLONDE ESPR 2.27KG,72763 C4B CAFE BLONDE ESPRESSO 2.27KG,17351,159940,ok,review
CAKE POP UNICORNIO CJ12BLIST,CAKE POP UNICORNIO CJ12BLIST3PZAS36GR,16968,155966,ok,review
DOTS RELLENO UBE CJ38PZAS,DOTS RELLENO UBE CJ38PZAS84GR,16966,155965,ok,review
SD MEDIO CHEESECAKE LIMON CJ7REB,SD MEDIO CHEESECAKE LIMON CJ7REB1.26KG,17308,156360,ok,review
RB Croissant de Mantequilla,RB Croissant de Mantequilla,15082,,review,review
SII26SSCC16Pony,76587 C1P WN26 CCUP SS PONY 16OZ,16720,152968,ok,review
SII26BTL16Pony,76593 C1P W26 WTBL SS PONY AND FLWR 16OZ,16793,154127,ok,review
SII26SSTu12Pony,76592 C1P WIN TBLR PONNIES 12OZ,16779,154122,ok,review
SII26SSCC20Pony,76586 C1P WN26 CCUP SS PONIES 20OZ,16719,152967,ok,review
SII26BTL20Resort,79885 C2P SM126 WTBL BEAR RB 20OZ,16777,154120,ok,review
SII26SS16Resort,79880 C1P SS TBLR BEARISTA RESORT 16OZ,16610,152547,ok,review
76040 C2B UNICORN PINK POWDER,76040 C2B UNICORN PINK POWDER 500GRS,17479,161816,ok,review
89601 C8B UNICORN BLUE SWT POWDE,89601 C8B UNICORN BLUE SWT POWDER 53GRS,17480,161817,ok,review
84709 1B MANGO SYRUP 1LT,84709 1B MANGO SYRUP 1LT,17481,161818,ok,review
7991 Topping de calabaza2,83929 1B TOPPING CALABAZA 16OZ,7991,149277,ok,review
SII26GICCColor,SII26GICCColor,54192,,review,review
SII26SS12Charm,86646 C2P FL26 SS TMBLR CHRM JOY 12OZ,16997,156346,ok,review
SII26SS20Hand,86658 C2P FL26 SS TMBLR PLL HNDL 20OZ,16998,156347,ok,review
SII26BTLSS20,86659 C2P FL26 SS WTRBTL TWST SP 20OZ,16999,156348,ok,review
SII26SS16Pleat,86650 C2P FL26 SS TMBLR PLTD 16OZ,16995,156344,ok,review
SII26Doodle16,86651 C1P FL26 SS TMBLR DDLE IT 16OZ,17307,156359,ok,review
SII26SSBTL12Aniv,86647 C1P FL26 SS WTRBTL ANNVRSRY 12OZ,17298,156350,ok,review
SII26SS12Aniv,86648 C2P FL26 SS TMBLR ANVRSRY 12OZ,16989,156338,ok,review
SII26Mug14Aniv,86632 C2P FL26 STN MUG SCALIE 14OZ,17299,156351,ok,review
SII26CC24Rain,SII26CC24Rain,54201,,review,review
BIS NAL SUPER CROISSANT CJ40PZAS,BIS NAL SUPER CROISSANT CJ40PZAS,,,review,review
